,submit_time,duration,cpu,memory,gpu,gpu_memory,job_id,task_id,instances_num,disk
0,0,116.38162544169612,1.0,0.005404705821447985,2,2048,0,1,2,0
1,10,73.59701492537313,0.5,0.007863743431781119,1,1024,1,23,4,0
2,10,87.38095238095238,0.5,0.007848212667926385,2,4096,1,24,2,0
3,30,21.176470588235293,0.5,0.01600704061294748,2,2048,2,25,1,0
4,40,2.0,0.5,0.005404705821447985,4,20480,3,26,1,0
5,40,41.392857142857146,0.5,0.013356456915072607,4,10240,3,27,2,0
6,60,3.0,0.5,0.004094944736365284,1,2048,4,28,1,0
7,80,183.0,1.0,0.005404705821447985,2,2048,5,29,5,0
8,80,183.0,1.0,0.005404705821447985,4,8092,5,30,2,0
9,90,183.1851851851852,1.0,0.005404705821447985,2,2048,6,31,2,0
10,90,140.35294117647058,1.0,0.005404705821447985,2,2048,6,32,2,0
11,90,2.0,1.0,0.005404705821447985,4,8080,6,33,2,0